{
    "Easy": 0.09772727272727273,
    "Medium": 0.03669724770642202,
    "Hard": 0.02145922746781116,
    "final": 0.06
}