{
    "Easy": 0.45227272727272727,
    "Medium": 0.09174311926605505,
    "Hard": 0.05150214592274678,
    "final": 0.241
}