{
    "Easy": 0.05454545454545454,
    "Medium": 0.021406727828746176,
    "Hard": 0.012875536480686695,
    "final": 0.034
}