{
    "Easy": 0.6772727272727272,
    "Medium": 0.4954128440366973,
    "Hard": 0.2446351931330472,
    "final": 0.517
}