{
    "Easy": 0.7431818181818182,
    "Medium": 0.46788990825688076,
    "Hard": 0.30472103004291845,
    "final": 0.551
}