{
    "Easy": 0.28863636363636364,
    "Medium": 0.17737003058103976,
    "Hard": 0.13304721030042918,
    "final": 0.216
}