{
    "Easy": 0.5590909090909091,
    "Medium": 0.24464831804281345,
    "Hard": 0.15021459227467812,
    "final": 0.361
}