{
    "Easy": 0.6727272727272727,
    "Medium": 0.42201834862385323,
    "Hard": 0.21030042918454936,
    "final": 0.483
}